topic,date,avg_sentiment,avg_popularity,sample_size
Artificial Intelligence,2024-09-02,0.5825265306122449,93.55102040816327,49
Artificial Intelligence,2024-09-03,0.5792141509433962,90.22641509433963,53
Artificial Intelligence,2024-09-04,0.5641707547169812,93.24528301886792,53
Artificial Intelligence,2024-09-05,0.559351923076923,119.98076923076923,52
Artificial Intelligence,2024-09-06,0.5781360294117647,91.52941176470588,68
Artificial Intelligence,2024-09-07,0.5650066666666667,97.18333333333334,60
Artificial Intelligence,2024-09-08,0.5906962264150943,99.24528301886792,53
Artificial Intelligence,2024-09-09,0.6016990909090909,98.96363636363637,55
Artificial Intelligence,2024-09-10,0.6184654545454545,91.12727272727273,55
Artificial Intelligence,2024-09-11,0.6138811475409837,89.01639344262296,61
Artificial Intelligence,2024-09-12,0.5952433962264151,94.32075471698113,53
Artificial Intelligence,2024-09-13,0.5649009433962264,92.81132075471699,53
Artificial Intelligence,2024-09-14,0.5765250000000001,102.68181818181819,44
Artificial Intelligence,2024-09-15,0.5820023809523809,98.42857142857143,42
Artificial Intelligence,2024-09-16,0.5941877777777778,99.71111111111111,45
Artificial Intelligence,2024-09-17,0.580585294117647,92.70588235294117,51
Artificial Intelligence,2024-09-18,0.5984175925925925,103.0925925925926,54
Artificial Intelligence,2024-09-19,0.6275433823529412,100.41176470588235,68
Artificial Intelligence,2024-09-20,0.6024425373134328,93.5223880597015,67
Artificial Intelligence,2024-09-21,0.5838090909090908,91.30909090909091,55
Artificial Intelligence,2024-09-23,0.5147822033898305,92.7457627118644,59
Artificial Intelligence,2024-09-24,0.60906953125,87.3125,64
Artificial Intelligence,2024-09-25,0.5752563636363636,90.89090909090909,55
Artificial Intelligence,2024-09-26,0.5812036363636364,94.12727272727273,55
Artificial Intelligence,2024-09-27,0.534307894736842,88.26315789473684,57
Artificial Intelligence,2024-09-28,0.5621163265306123,103.24489795918367,49
Artificial Intelligence,2024-09-29,0.564362,106.24,50
Artificial Intelligence,2024-09-30,0.5446990196078432,98.05882352941177,51
Artificial Intelligence,2024-10-01,0.6286577586206896,90.94827586206897,58
Artificial Intelligence,2024-10-02,0.6535555555555556,92.64814814814815,54
Artificial Intelligence,2024-10-03,0.5895245614035087,95.87719298245614,57
Artificial Intelligence,2024-10-04,0.6109507936507936,91.88888888888889,63
Artificial Intelligence,2024-10-05,0.5565390909090909,100.98181818181818,55
Artificial Intelligence,2024-10-06,0.5724654545454546,103.50909090909092,55
Artificial Intelligence,2024-10-07,0.5690285714285714,103.05357142857143,56
Artificial Intelligence,2024-10-08,0.5968818181818182,99.03636363636363,55
Artificial Intelligence,2024-10-09,0.58679765625,91.9375,64
Artificial Intelligence,2024-10-10,0.5542582089552239,99.25373134328358,67
Artificial Intelligence,2024-10-11,0.5483,96.89830508474576,59
Artificial Intelligence,2024-10-12,0.5681971698113207,102.35849056603773,53
Artificial Intelligence,2024-10-13,0.5636088235294118,108.96078431372548,51
Artificial Intelligence,2024-10-14,0.551533064516129,101.98387096774194,62
Artificial Intelligence,2024-10-15,0.5411596774193548,96.91935483870968,62
Artificial Intelligence,2024-10-16,0.577159375,100.84375,64
Artificial Intelligence,2024-10-17,0.562886,90.22666666666667,75
Artificial Intelligence,2024-10-18,0.57717578125,97.5,64
Artificial Intelligence,2024-10-19,0.562527358490566,97.81132075471699,53
Artificial Intelligence,2024-10-20,0.5463546296296296,87.4074074074074,54
Artificial Intelligence,2024-10-21,0.5371203703703704,92.4074074074074,54
Artificial Intelligence,2024-10-22,0.6209277777777777,98.86666666666666,45
Artificial Intelligence,2024-10-23,0.572573,94.78,50
Artificial Intelligence,2024-10-24,0.561156,99.36,50
Artificial Intelligence,2024-10-25,0.6183372727272727,102.52727272727273,55
Artificial Intelligence,2025-10-11,0.6343244897959184,93.25510204081633,98
Artificial Intelligence,2025-10-12,0.5788039215686274,96.48039215686275,102
Artificial Intelligence,2025-10-13,0.5842217821782179,87.82178217821782,101
Artificial Intelligence,2025-10-14,0.5805221153846154,97.77884615384616,104
Artificial Intelligence,2025-10-15,0.5936351063829787,95.42553191489361,94
Artificial Intelligence,2025-10-16,0.5490048913043478,93.8913043478261,92
Artificial Intelligence,2025-10-17,0.569855376344086,94.97849462365592,93
Artificial Intelligence,2025-10-18,0.577066504854369,94.68932038834951,103
Artificial Intelligence,2025-10-19,0.5724061946902654,91.23893805309734,113
Artificial Intelligence,2025-10-20,0.5657675925925926,96.35185185185185,108
Artificial Intelligence,2025-10-21,0.5839121495327103,99.17757009345794,107
Artificial Intelligence,2025-10-22,0.5803540404040404,96.74747474747475,99
Artificial Intelligence,2025-10-23,0.5916111650485437,97.5631067961165,103
Artificial Intelligence,2025-10-24,0.5962980582524272,96.80582524271844,103
Artificial Intelligence,2025-10-25,0.5938980582524273,101.59223300970874,103
Artificial Intelligence,2025-10-26,0.5844189320388349,93.51456310679612,103
Artificial Intelligence,2025-10-27,0.55709900990099,99.08910891089108,101
Artificial Intelligence,2025-10-28,0.5889106060606061,92.74747474747475,99
Artificial Intelligence,2025-10-29,0.5756957943925234,98.01869158878505,107
Artificial Intelligence,2025-10-30,0.5691984848484849,104.70707070707071,99
Artificial Intelligence,2025-10-31,0.5685619266055046,99.6697247706422,109
Artificial Intelligence,2025-11-01,0.5604310185185185,91.22222222222223,108
Artificial Intelligence,2025-11-02,0.5746951923076923,96.6923076923077,104
Artificial Intelligence,2025-11-03,0.5930984693877551,91.34693877551021,98
Artificial Intelligence,2025-11-04,0.624871264367816,104.54022988505747,87
Artificial Intelligence,2025-11-05,0.6231511111111111,105.02222222222223,90
Artificial Intelligence,2025-11-06,0.6294340909090909,88.39772727272727,88
Artificial Intelligence,2025-11-07,0.6048203296703296,88.75824175824175,91
Artificial Intelligence,2025-11-08,0.5989942105263157,101.46315789473684,95
Artificial Intelligence,2025-11-09,0.5779586734693878,99.8265306122449,98
Artificial Intelligence,2025-11-10,0.6031554347826087,96.3913043478261,92
Artificial Intelligence,2025-11-11,0.6215922222222222,101.67777777777778,90
Artificial Intelligence,2025-11-12,0.5946116504854368,91.33980582524272,103
Artificial Intelligence,2025-11-13,0.5756149425287356,94.14942528735632,87
Artificial Intelligence,2025-11-14,0.6122421875,99.45833333333333,96
Artificial Intelligence,2025-11-15,0.6129355670103093,96.42268041237114,97
Artificial Intelligence,2025-11-17,0.5886443396226415,106.91509433962264,106
Artificial Intelligence,2025-11-18,0.5587112612612612,109.98198198198199,111
Artificial Intelligence,2025-11-19,0.5816705357142856,101.73214285714286,112
Artificial Intelligence,2025-11-20,0.547338306451613,100.41935483870968,124
Artificial Intelligence,2025-11-21,0.6323398230088495,97.72566371681415,113
Artificial Intelligence,2025-11-22,0.6546068181818182,98.12727272727273,110
Artificial Intelligence,2025-11-23,0.5978976415094339,96.55660377358491,106
Artificial Intelligence,2025-11-24,0.6030504807692307,97.24038461538461,104
Artificial Intelligence,2025-11-25,0.6000245192307692,102.42307692307692,104
Artificial Intelligence,2025-11-26,0.6256858585858586,96.9090909090909,99
Artificial Intelligence,2025-11-28,0.5579747663551402,95.70093457943925,107
Artificial Intelligence,2025-11-29,0.5394789719626168,91.99065420560747,107
Artificial Intelligence,2025-11-30,0.5587583333333334,97.875,96
Artificial Intelligence,2025-12-01,0.5662407766990292,99.88349514563107,103
Artificial Intelligence,2025-12-02,0.5998380733944955,107.61467889908256,109
Artificial Intelligence,2025-12-03,0.5967985714285714,100.08571428571429,105
Artificial Intelligence,2025-12-04,0.5875230392156863,93.6078431372549,102
Artificial Intelligence,2025-12-05,0.5929074257425743,94.65346534653466,101
Artificial Intelligence,2025-12-06,0.5786721698113207,88.28301886792453,106
Artificial Intelligence,2025-12-07,0.5925947115384615,85.35576923076923,104
Artificial Intelligence,2025-12-08,0.6141370967741936,89.79569892473118,93
Artificial Intelligence,2025-12-09,0.6462225225225225,90.05405405405405,111
Artificial Intelligence,2025-12-10,0.642673,96.64,100
Artificial Intelligence,2025-12-11,0.5763917475728155,94.64077669902913,103
Artificial Intelligence,2025-12-12,0.5355852380952381,93.99047619047619,105
Artificial Intelligence,2025-12-13,0.5742951923076923,93.89423076923077,104
Artificial Intelligence,2025-12-14,0.5671932291666667,103.07291666666667,96
Artificial Intelligence,2025-12-15,0.5822193877551021,102.76530612244898,98
Artificial Intelligence,2025-12-16,0.5803355670103093,103.26804123711341,97
Artificial Intelligence,2025-12-17,0.5058674157303371,110.71910112359551,89
Artificial Intelligence,2025-12-18,0.5473215,110.51,100
Artificial Intelligence,2025-12-19,0.5588216981132076,103.13207547169812,106
Artificial Intelligence,2025-12-20,0.5551712121212121,100.77777777777777,99
Artificial Intelligence,2025-12-21,0.5687345,104.9,100
Artificial Intelligence,2025-12-22,0.5374133663366337,98.44554455445545,101
Artificial Intelligence,2025-12-24,0.5519851648351648,104.53846153846153,91
Artificial Intelligence,2025-12-25,0.5343623655913978,95.78494623655914,93
Artificial Intelligence,2025-12-26,0.5344528735632184,102.39080459770115,87
Artificial Intelligence,2025-12-27,0.5495888235294117,101.04705882352941,85
Artificial Intelligence,2025-12-28,0.5305715053763441,94.02150537634408,93
Artificial Intelligence,2025-12-29,0.5161540697674418,99.98837209302326,86
Artificial Intelligence,2025-12-30,0.5315176136363636,100.7840909090909,88
Artificial Intelligence,2025-12-31,0.5332982352941176,103.15294117647059,85
Artificial Intelligence,2026-01-01,0.505993888888889,96.74444444444444,90
Artificial Intelligence,2026-01-02,0.5592239130434783,97.42391304347827,92
Artificial Intelligence,2026-01-03,0.558075,96.8804347826087,92
Artificial Intelligence,2026-01-04,0.5436813186813187,92.58241758241758,91
Artificial Intelligence,2026-01-05,0.5438298850574713,101.0,87
Artificial Intelligence,2026-01-06,0.5639993975903614,107.50602409638554,83
Artificial Intelligence,2026-01-07,0.5648209302325581,102.93023255813954,86
Artificial Intelligence,2026-01-08,0.5643011904761904,104.39285714285714,84
Artificial Intelligence,2026-01-09,0.5665494505494505,111.95604395604396,91
Artificial Intelligence,2026-01-10,0.55802,98.58,100
Artificial Intelligence,2026-01-11,0.5942137254901961,100.41176470588235,102
Artificial Intelligence,2026-01-12,0.573878640776699,104.06796116504854,103
Artificial Intelligence,2026-01-13,0.5618266990291262,105.45631067961165,103
Artificial Intelligence,2026-01-14,0.5473658653846154,96.77884615384616,104
Artificial Intelligence,2026-01-15,0.5534032407407408,103.9074074074074,108
Artificial Intelligence,2026-01-16,0.527480693069307,101.93069306930693,101
Artificial Intelligence,2026-01-17,0.5233235849056603,101.20754716981132,106
Artificial Intelligence,2026-01-18,0.5317157407407408,104.42592592592592,108
Artificial Intelligence,2026-01-19,0.5646932291666666,112.29166666666667,96
Artificial Intelligence,2026-01-20,0.585075,108.39423076923077,104
Artificial Intelligence,2026-01-21,0.6040327956989248,108.70967741935483,93
Artificial Intelligence,2026-01-22,0.5926604166666667,99.41666666666667,96
Artificial Intelligence,2026-01-23,0.6053952631578947,101.11578947368422,95
Artificial Intelligence,2026-01-24,0.5909116504854369,95.92233009708738,103
Artificial Intelligence,2026-01-25,0.5616013636363636,93.85454545454546,110
Artificial Intelligence,2026-01-26,0.531304424778761,93.61946902654867,113
Artificial Intelligence,2026-01-27,0.5661373831775701,108.89719626168224,107
Artificial Intelligence,2026-01-28,0.5470392156862746,96.45098039215686,102
Artificial Intelligence,2026-01-29,0.5639563636363636,92.89090909090909,110
Artificial Intelligence,2026-01-30,0.6007426605504587,98.11009174311927,109
Artificial Intelligence,2026-01-31,0.6054881818181819,96.99090909090908,110
Artificial Intelligence,2026-02-01,0.5449158163265306,102.07142857142857,98
Artificial Intelligence,2026-02-02,0.5621235294117647,97.7156862745098,102
Artificial Intelligence,2026-02-03,0.5589880952380952,107.21904761904761,105
Artificial Intelligence,2026-02-04,0.5575732323232323,97.88888888888889,99
Artificial Intelligence,2026-02-05,0.5266777227722772,98.08910891089108,101
Artificial Intelligence,2026-02-06,0.5624901869158878,96.45794392523365,107
Artificial Intelligence,2026-02-07,0.5298956310679612,95.36893203883496,103
Artificial Intelligence,2026-02-08,0.5520514999999999,101.88,100
Artificial Intelligence,2026-02-09,0.5938735294117647,105.33333333333333,102
Artificial Intelligence,2026-02-10,0.5783877450980393,107.49019607843137,102
Artificial Intelligence,2026-02-11,0.5675516949152541,100.96610169491525,118
Artificial Intelligence,2026-02-12,0.5539487288135593,99.44067796610169,118
Artificial Intelligence,2026-02-13,0.5400349137931034,90.64655172413794,116
Artificial Intelligence,2026-02-14,0.5255790476190476,90.55238095238096,105
Artificial Intelligence,2026-02-15,0.5299619047619047,92.62857142857143,105
Artificial Intelligence,2026-02-16,0.5477897196261683,97.30841121495327,107
Artificial Intelligence,2026-02-17,0.5354048076923077,101.5673076923077,104
Artificial Intelligence,2026-02-18,0.5725490196078431,95.41176470588235,102
Artificial Intelligence,2026-02-20,0.5427110526315789,97.17894736842105,95
Artificial Intelligence,2026-02-21,0.5277390625,94.54166666666667,96
Artificial Intelligence,2026-02-22,0.511603804347826,91.44565217391305,92
Artificial Intelligence,2026-02-23,0.5526814606741574,89.25842696629213,89
Artificial Intelligence,2026-02-24,0.5384857142857142,97.51190476190476,84
Artificial Intelligence,2026-02-25,0.5307732142857142,95.83333333333333,84
Climate Change,2024-09-02,0.7069666666666666,81.95238095238095,21
Climate Change,2024-09-03,0.7981705882352941,84.0,17
Climate Change,2024-09-04,0.8425285714285715,83.66666666666667,21
Climate Change,2024-09-05,0.761618,80.04,25
Climate Change,2024-09-06,0.7799642857142857,83.46428571428571,28
Climate Change,2024-09-07,0.7195803571428572,80.75,28
Climate Change,2024-09-08,0.7375896551724138,85.51724137931035,29
Climate Change,2024-09-09,0.706471875,84.96875,32
Climate Change,2024-09-10,0.7364787878787878,92.33333333333333,33
Climate Change,2024-09-11,0.8281729166666666,98.625,24
Climate Change,2024-09-12,0.7212630434782609,95.34782608695652,23
Climate Change,2024-09-13,0.7171944444444444,88.74074074074075,27
Climate Change,2024-09-14,0.6893416666666666,87.58333333333333,24
Climate Change,2024-09-15,0.6994448275862069,86.27586206896552,29
Climate Change,2024-09-16,0.6580642857142857,98.21428571428571,28
Climate Change,2024-09-17,0.6202216666666666,97.56666666666666,30
Climate Change,2024-09-18,0.7272767857142857,90.39285714285714,28
Climate Change,2024-09-19,0.6798514285714286,84.17142857142858,35
Climate Change,2024-09-20,0.6865590909090908,72.33333333333333,33
Climate Change,2024-09-21,0.6694875,68.58333333333333,36
Climate Change,2024-09-23,0.6300894736842105,78.78947368421052,38
Climate Change,2024-09-24,0.6840983870967742,81.3225806451613,31
Climate Change,2024-09-25,0.6876544117647059,76.55882352941177,34
Climate Change,2024-09-26,0.6703897058823529,83.26470588235294,34
Climate Change,2024-09-27,0.7507785714285714,82.82857142857142,35
Climate Change,2024-09-28,0.7099012499999999,95.025,40
Climate Change,2024-09-29,0.7002307692307692,84.43589743589743,39
Climate Change,2024-09-30,0.7444676470588236,79.38235294117646,34
Climate Change,2024-10-01,0.7501613636363637,97.5,22
Climate Change,2024-10-02,0.7526409090909091,82.5,22
Climate Change,2024-10-03,0.7361181818181819,84.86363636363636,22
Climate Change,2024-10-04,0.7487953125,99.71875,32
Climate Change,2024-10-05,0.6740571428571428,94.85714285714286,28
Climate Change,2024-10-06,0.7132785714285715,89.53571428571429,28
Climate Change,2024-10-07,0.6753117647058824,98.23529411764706,34
Climate Change,2024-10-08,0.6521466666666667,92.36666666666666,30
Climate Change,2024-10-09,0.5649807692307692,88.15384615384616,26
Climate Change,2024-10-10,0.6740981481481482,97.4074074074074,27
Climate Change,2024-10-11,0.6992953125,81.34375,32
Climate Change,2024-10-12,0.6995919354838709,94.2258064516129,31
Climate Change,2024-10-13,0.7434866666666667,89.16666666666667,30
Climate Change,2024-10-14,0.743515,99.2,30
Climate Change,2024-10-15,0.6930051282051283,92.6923076923077,39
Climate Change,2024-10-16,0.822010465116279,103.27906976744185,43
Climate Change,2024-10-17,0.7254794871794872,89.25641025641026,39
Climate Change,2024-10-18,0.7917016666666666,105.26666666666667,30
Climate Change,2024-10-19,0.71267875,99.225,40
Climate Change,2024-10-20,0.7158447368421053,86.23684210526316,38
Climate Change,2024-10-21,0.7427310344827587,97.27586206896552,29
Climate Change,2024-10-22,0.784459375,84.96875,32
Climate Change,2024-10-23,0.7440296875,89.25,32
Climate Change,2024-10-24,0.6756318181818182,85.15151515151516,33
Climate Change,2024-10-25,0.6537397058823529,81.58823529411765,34
Climate Change,2025-10-11,0.7282720930232558,89.72093023255815,43
Climate Change,2025-10-12,0.7093636363636363,84.79545454545455,44
Climate Change,2025-10-13,0.7187071428571429,90.73809523809524,42
Climate Change,2025-10-14,0.785881111111111,93.86666666666666,45
Climate Change,2025-10-15,0.7518163043478261,86.54347826086956,46
Climate Change,2025-10-16,0.7606872340425531,88.08510638297872,47
Climate Change,2025-10-17,0.7259322222222222,82.17777777777778,45
Climate Change,2025-10-18,0.7503045454545454,84.12121212121212,33
Climate Change,2025-10-19,0.7863736842105263,79.21052631578948,38
Climate Change,2025-10-20,0.7869682926829269,70.3170731707317,41
Climate Change,2025-10-21,0.7601067567567568,77.75675675675676,37
Climate Change,2025-10-22,0.7170743243243243,76.70270270270271,37
Climate Change,2025-10-23,0.7054358974358974,82.97435897435898,39
Climate Change,2025-10-24,0.6733060975609756,88.97560975609755,41
Climate Change,2025-10-25,0.7003890243902439,95.8048780487805,41
Climate Change,2025-10-26,0.6757988372093023,83.65116279069767,43
Climate Change,2025-10-27,0.6642634146341463,88.04878048780488,41
Climate Change,2025-10-28,0.6863325,85.225,40
Climate Change,2025-10-29,0.7757514705882353,88.88235294117646,34
Climate Change,2025-10-30,0.7415083333333333,94.92857142857143,42
Climate Change,2025-10-31,0.7254673469387755,92.04081632653062,49
Climate Change,2025-11-01,0.78017375,88.7,40
Climate Change,2025-11-02,0.775004054054054,97.91891891891892,37
Climate Change,2025-11-03,0.7730283333333333,92.26666666666667,30
Climate Change,2025-11-04,0.7617606060606061,82.24242424242425,33
Climate Change,2025-11-05,0.6857794117647058,88.23529411764706,34
Climate Change,2025-11-06,0.7702256097560976,90.26829268292683,41
Climate Change,2025-11-07,0.7364521276595745,86.42553191489361,47
Climate Change,2025-11-08,0.7524767441860465,83.13953488372093,43
Climate Change,2025-11-09,0.7790780487804878,77.46341463414635,41
Climate Change,2025-11-10,0.7611355263157895,84.97368421052632,38
Climate Change,2025-11-11,0.716196511627907,84.48837209302326,43
Climate Change,2025-11-12,0.6932045454545455,91.20454545454545,44
Climate Change,2025-11-13,0.6613512195121951,105.53658536585365,41
Climate Change,2025-11-14,0.7251782608695652,107.52173913043478,46
Climate Change,2025-11-15,0.650435576923077,105.36538461538461,52
Climate Change,2025-11-17,0.6879462962962962,89.27777777777777,54
Climate Change,2025-11-18,0.6325980392156864,87.72549019607843,51
Climate Change,2025-11-19,0.7164130434782608,106.56521739130434,46
Climate Change,2025-11-20,0.6971411764705883,106.37254901960785,51
Climate Change,2025-11-21,0.7743627906976744,94.74418604651163,43
Climate Change,2025-11-22,0.7093918918918919,97.35135135135135,37
Climate Change,2025-11-23,0.7175214285714285,87.42857142857143,42
Climate Change,2025-11-24,0.7289777777777777,100.36111111111111,36
Climate Change,2025-11-25,0.753745,87.65,40
Climate Change,2025-11-26,0.6974763157894737,99.44736842105263,38
Climate Change,2025-11-28,0.7442138888888888,88.41666666666667,36
Climate Change,2025-11-29,0.7395637500000001,93.975,40
Climate Change,2025-11-30,0.7943105263157895,97.76315789473684,38
Climate Change,2025-12-01,0.8059802631578947,93.3157894736842,38
Climate Change,2025-12-02,0.7268631578947368,104.07894736842105,38
Climate Change,2025-12-03,0.7651943181818183,94.3409090909091,44
Climate Change,2025-12-04,0.7866326086956521,84.6304347826087,46
Climate Change,2025-12-05,0.715859090909091,80.54545454545455,55
Climate Change,2025-12-06,0.6233802083333333,81.60416666666667,48
Climate Change,2025-12-07,0.6632602564102564,83.7948717948718,39
Climate Change,2025-12-08,0.65817,93.62857142857143,35
Climate Change,2025-12-09,0.5963178571428571,82.57142857142857,42
Climate Change,2025-12-10,0.6958848484848484,86.03030303030303,33
Climate Change,2025-12-11,0.7777999999999999,82.94871794871794,39
Climate Change,2025-12-12,0.7895686046511629,98.34883720930233,43
Climate Change,2025-12-13,0.7736486842105263,109.3157894736842,38
Climate Change,2025-12-14,0.7967157894736842,99.63157894736842,38
Climate Change,2025-12-15,0.7367088235294117,100.91176470588235,34
Climate Change,2025-12-16,0.7282931034482758,104.34482758620689,29
Climate Change,2025-12-17,0.7520727272727273,81.42424242424242,33
Climate Change,2025-12-18,0.679840243902439,92.7560975609756,41
Climate Change,2025-12-19,0.67557,92.8,45
Climate Change,2025-12-20,0.6759794871794872,86.64102564102564,39
Climate Change,2025-12-21,0.6638814285714285,87.45714285714286,35
Climate Change,2025-12-22,0.7768097222222222,89.69444444444444,36
Climate Change,2025-12-24,0.7013608108108108,100.89189189189189,37
Climate Change,2025-12-25,0.7186573170731707,96.09756097560975,41
Climate Change,2025-12-26,0.6760499999999999,97.1891891891892,37
Climate Change,2025-12-27,0.6072430555555556,95.16666666666667,36
Climate Change,2025-12-28,0.6196267441860465,75.93023255813954,43
Climate Change,2025-12-29,0.597352380952381,88.80952380952381,42
Climate Change,2025-12-30,0.6733934782608696,86.82608695652173,46
Climate Change,2025-12-31,0.6392558823529412,91.11764705882354,51
Climate Change,2026-01-01,0.6586730769230769,91.21153846153847,52
Climate Change,2026-01-02,0.6725670454545454,94.5,44
Climate Change,2026-01-03,0.6371386363636363,93.13636363636364,44
Climate Change,2026-01-04,0.6731113636363637,89.29545454545455,44
Climate Change,2026-01-05,0.6565046511627908,90.3953488372093,43
Climate Change,2026-01-06,0.76318625,93.0,40
Climate Change,2026-01-07,0.7221390243902438,92.85365853658537,41
Climate Change,2026-01-08,0.788953947368421,95.39473684210526,38
Climate Change,2026-01-09,0.7989614285714286,95.2,35
Climate Change,2026-01-10,0.6889608108108108,91.5945945945946,37
Climate Change,2026-01-11,0.7699277777777778,96.33333333333333,36
Climate Change,2026-01-12,0.7460783783783784,94.83783783783784,37
Climate Change,2026-01-13,0.7118024390243902,97.29268292682927,41
Climate Change,2026-01-14,0.7578308510638297,86.82978723404256,47
Climate Change,2026-01-15,0.6987461538461539,83.23076923076923,52
Climate Change,2026-01-16,0.687966,90.06,50
Climate Change,2026-01-17,0.6725968085106383,102.12765957446808,47
Climate Change,2026-01-18,0.7595585106382978,89.57446808510639,47
Climate Change,2026-01-19,0.7101377358490565,85.56603773584905,53
Climate Change,2026-01-20,0.6516402173913043,110.0,46
Climate Change,2026-01-21,0.6416968749999999,88.53125,64
Climate Change,2026-01-22,0.6801179104477613,103.88059701492537,67
Climate Change,2026-01-23,0.6925611111111112,91.81944444444444,72
Climate Change,2026-01-24,0.6675007692307692,101.8923076923077,65
Climate Change,2026-01-25,0.6429491525423728,103.47457627118644,59
Climate Change,2026-01-26,0.6407008771929825,106.49122807017544,57
Climate Change,2026-01-27,0.6569790322580645,102.5,62
Climate Change,2026-01-28,0.7440657407407407,104.03703703703704,54
Climate Change,2026-01-29,0.6983942307692307,101.90384615384616,52
Climate Change,2026-01-30,0.6821266666666667,118.4888888888889,45
Climate Change,2026-01-31,0.6349969999999999,113.7,50
Climate Change,2026-02-01,0.6070295918367347,107.16326530612245,49
Climate Change,2026-02-02,0.621066,111.94,50
Climate Change,2026-02-03,0.6096028301886791,110.77358490566037,53
Climate Change,2026-02-04,0.6155047169811321,90.73584905660377,53
Climate Change,2026-02-05,0.627499019607843,89.25490196078431,51
Climate Change,2026-02-06,0.6457105769230769,78.76923076923077,52
Climate Change,2026-02-07,0.6647974999999999,88.125,40
Climate Change,2026-02-08,0.6707795454545454,68.3409090909091,44
Climate Change,2026-02-09,0.6552267441860465,87.34883720930233,43
Climate Change,2026-02-10,0.6565823529411765,88.84313725490196,51
Climate Change,2026-02-11,0.6889561224489796,86.75510204081633,49
Climate Change,2026-02-12,0.6291487499999999,91.95,40
Climate Change,2026-02-13,0.6516333333333333,93.55555555555556,36
Climate Change,2026-02-14,0.543484,83.42,50
Climate Change,2026-02-15,0.5461699999999999,94.8,40
Climate Change,2026-02-16,0.5393127906976743,84.79069767441861,43
Climate Change,2026-02-17,0.6052836956521739,78.28260869565217,46
Climate Change,2026-02-18,0.6301754901960784,97.3921568627451,51
Climate Change,2026-02-20,0.6974144444444444,95.11111111111111,45
Climate Change,2026-02-21,0.6532166666666667,96.48717948717949,39
Climate Change,2026-02-22,0.666053488372093,95.48837209302326,43
Climate Change,2026-02-23,0.6455702380952381,85.57142857142857,42
Climate Change,2026-02-24,0.6365357142857143,95.47619047619048,42
Climate Change,2026-02-25,0.6162202380952381,100.19047619047619,42
Economy,2024-09-02,0.6888348101265822,92.59493670886076,79
Economy,2024-09-03,0.7043462365591397,89.21505376344086,93
Economy,2024-09-04,0.7089026315789473,89.6842105263158,95
Economy,2024-09-05,0.6504865,94.02,100
Economy,2024-09-06,0.6680735576923078,89.22115384615384,104
Economy,2024-09-07,0.6657639175257731,87.95876288659794,97
Economy,2024-09-08,0.6284321428571429,89.76190476190476,84
Economy,2024-09-09,0.6547123529411765,87.18823529411765,85
Economy,2024-09-10,0.6869379120879121,88.48351648351648,91
Economy,2024-09-11,0.6658186046511627,87.6046511627907,86
Economy,2024-09-12,0.6364844086021505,88.74193548387096,93
Economy,2024-09-13,0.7189291666666667,84.01041666666667,96
Economy,2024-09-14,0.724282474226804,88.29896907216495,97
Economy,2024-09-15,0.6893506329113924,90.20253164556962,79
Economy,2024-09-16,0.6658256097560975,82.91463414634147,82
Economy,2024-09-17,0.6874947368421053,92.32894736842105,76
Economy,2024-09-18,0.7105958823529411,87.91764705882353,85
Economy,2024-09-19,0.7333774509803922,83.72549019607843,102
Economy,2024-09-20,0.6993684210526315,84.03508771929825,114
Economy,2024-09-21,0.6755291666666666,82.44444444444444,108
Economy,2024-09-23,0.6783575757575757,77.33333333333333,99
Economy,2024-09-24,0.6831348484848484,84.4040404040404,99
Economy,2024-09-25,0.6677360824742268,85.01030927835052,97
Economy,2024-09-26,0.6922431818181818,84.30909090909091,110
Economy,2024-09-27,0.7128079207920792,88.42574257425743,101
Economy,2024-09-28,0.6896331775700935,92.86915887850468,107
Economy,2024-09-29,0.6957239583333333,86.40625,96
Economy,2024-09-30,0.7137028409090909,83.67045454545455,88
Economy,2024-10-01,0.7203829411764705,89.67058823529412,85
Economy,2024-10-02,0.736759375,87.90625,96
Economy,2024-10-03,0.7236285714285714,86.54081632653062,98
Economy,2024-10-04,0.7315585858585859,87.47474747474747,99
Economy,2024-10-05,0.6355598958333334,88.10416666666667,96
Economy,2024-10-06,0.70622,91.89411764705882,85
Economy,2024-10-07,0.6834831325301205,88.02409638554217,83
Economy,2024-10-08,0.655370652173913,95.46739130434783,92
Economy,2024-10-09,0.6288247368421053,94.14736842105263,95
Economy,2024-10-10,0.6573505263157894,87.33684210526316,95
Economy,2024-10-11,0.6610881720430107,89.78494623655914,93
Economy,2024-10-12,0.6917197916666668,92.40625,96
Economy,2024-10-13,0.6688532967032967,92.67032967032966,91
Economy,2024-10-14,0.6757599999999999,98.76666666666667,90
Economy,2024-10-15,0.693779381443299,91.41237113402062,97
Economy,2024-10-16,0.6575964285714286,86.35714285714286,98
Economy,2024-10-17,0.6287264705882353,84.81372549019608,102
Economy,2024-10-18,0.692691826923077,91.61538461538461,104
Economy,2024-10-19,0.6817460869565217,90.22608695652174,115
Economy,2024-10-20,0.6833783018867925,92.84905660377359,106
Economy,2024-10-21,0.6758558252427185,89.84466019417475,103
Economy,2024-10-22,0.6601532710280373,91.53271028037383,107
Economy,2024-10-23,0.6430307692307692,91.23076923076923,104
Economy,2024-10-24,0.65085,94.51515151515152,99
Economy,2024-10-25,0.6567846534653465,86.25742574257426,101
Economy,2025-10-11,0.6481953271028037,85.17757009345794,107
Economy,2025-10-12,0.6215287234042552,85.76595744680851,94
Economy,2025-10-13,0.6421461538461538,82.84615384615384,104
Economy,2025-10-14,0.6591313043478261,86.40869565217392,115
Economy,2025-10-15,0.6137004807692308,94.25,104
Economy,2025-10-16,0.606984649122807,93.86842105263158,114
Economy,2025-10-17,0.6508290476190477,96.05714285714286,105
Economy,2025-10-18,0.659327570093458,88.51401869158879,107
Economy,2025-10-19,0.6436525773195876,91.57731958762886,97
Economy,2025-10-20,0.6594970588235294,88.80392156862744,102
Economy,2025-10-21,0.6539766355140186,92.77570093457943,107
Economy,2025-10-22,0.6530512396694215,89.14049586776859,121
Economy,2025-10-23,0.6760320833333334,87.75833333333334,120
Economy,2025-10-24,0.6827939024390244,81.73983739837398,123
Economy,2025-10-25,0.6299662280701753,85.70175438596492,114
Economy,2025-10-26,0.6045774336283186,77.87610619469027,113
Economy,2025-10-27,0.616583185840708,77.02654867256638,113
Economy,2025-10-28,0.6339860360360361,80.72072072072072,111
Economy,2025-10-29,0.677840350877193,90.2719298245614,114
Economy,2025-10-30,0.6929782786885246,90.36065573770492,122
Economy,2025-10-31,0.6395654411764706,85.24264705882354,136
Economy,2025-11-01,0.6552050847457627,86.98305084745763,118
Economy,2025-11-02,0.6626477064220183,93.42201834862385,109
Economy,2025-11-03,0.6354310344827586,90.00862068965517,116
Economy,2025-11-04,0.6714569105691057,92.21138211382114,123
Economy,2025-11-05,0.6903987288135593,93.00847457627118,118
Economy,2025-11-06,0.66724,92.45217391304348,115
Economy,2025-11-07,0.7007475,91.675,120
Economy,2025-11-08,0.6709103174603175,90.73015873015873,126
Economy,2025-11-09,0.6713919491525423,88.05932203389831,118
Economy,2025-11-10,0.6418185185185186,89.61111111111111,108
Economy,2025-11-11,0.6588957264957265,88.45299145299145,117
Economy,2025-11-12,0.7153399038461538,99.02884615384616,104
Economy,2025-11-13,0.667210775862069,100.99137931034483,116
Economy,2025-11-14,0.690101953125,100.5234375,128
Economy,2025-11-15,0.6579112781954888,93.32330827067669,133
Economy,2025-11-17,0.6256419354838709,87.50806451612904,124
Economy,2025-11-18,0.5924120967741935,87.89516129032258,124
Economy,2025-11-19,0.5883334782608696,87.05217391304348,115
Economy,2025-11-20,0.6420684873949579,94.24369747899159,119
Economy,2025-11-21,0.7017391304347826,92.67826086956522,115
Economy,2025-11-22,0.6647004310344827,90.74137931034483,116
Economy,2025-11-23,0.6648316666666666,80.81666666666666,120
Economy,2025-11-24,0.6705815789473684,91.3157894736842,114
Economy,2025-11-25,0.6879723577235772,93.3089430894309,123
Economy,2025-11-26,0.7350770408163265,88.06122448979592,98
Economy,2025-11-28,0.6815279279279279,88.01801801801801,111
Economy,2025-11-29,0.703630487804878,89.7479674796748,123
Economy,2025-11-30,0.6998926605504587,93.6697247706422,109
Economy,2025-12-01,0.6731086956521739,89.50434782608696,115
Economy,2025-12-02,0.6388554621848739,88.75630252100841,119
Economy,2025-12-03,0.646541393442623,93.84426229508196,122
Economy,2025-12-04,0.6758704545454546,91.0909090909091,132
Economy,2025-12-05,0.6862745967741936,95.9274193548387,124
Economy,2025-12-06,0.6533094262295082,89.09016393442623,122
Economy,2025-12-07,0.6430189075630252,88.21848739495799,119
Economy,2025-12-08,0.6323072072072071,88.06306306306307,111
Economy,2025-12-09,0.5923447368421052,86.13157894736842,114
Economy,2025-12-10,0.621885,91.08,100
Economy,2025-12-11,0.650946261682243,100.64485981308411,107
Economy,2025-12-12,0.6662264,91.864,125
Economy,2025-12-13,0.6818807017543859,93.98245614035088,114
Economy,2025-12-14,0.6716051886792453,88.80188679245283,106
Economy,2025-12-15,0.6919490740740741,88.81481481481481,108
Economy,2025-12-16,0.6858117647058823,94.38655462184875,119
Economy,2025-12-17,0.6233348360655737,96.95081967213115,122
Economy,2025-12-18,0.6273691729323309,90.85714285714286,133
Economy,2025-12-19,0.6709481203007518,91.96992481203007,133
Economy,2025-12-20,0.6473452755905512,96.93700787401575,127
Economy,2025-12-21,0.6406487999999999,95.368,125
Economy,2025-12-22,0.6390224999999999,89.69166666666666,120
Economy,2025-12-24,0.6201063025210084,89.92436974789916,119
Economy,2025-12-25,0.5898158878504673,91.19626168224299,107
Economy,2025-12-26,0.6309967889908257,89.9908256880734,109
Economy,2025-12-27,0.6386353982300885,85.19469026548673,113
Economy,2025-12-28,0.6141575471698113,89.61320754716981,106
Economy,2025-12-29,0.6058514423076923,90.15384615384616,104
Economy,2025-12-30,0.6470674528301887,87.40566037735849,106
Economy,2025-12-31,0.6088923076923076,90.58653846153847,104
Economy,2026-01-01,0.5835706730769231,94.04807692307692,104
Economy,2026-01-02,0.6081798076923077,86.70192307692308,104
Economy,2026-01-03,0.5831210784313725,89.56862745098039,102
Economy,2026-01-04,0.6023913461538462,93.4326923076923,104
Economy,2026-01-05,0.579460606060606,83.05050505050505,99
Economy,2026-01-06,0.5772040178571428,86.8125,112
Economy,2026-01-07,0.5868030973451328,87.80530973451327,113
Economy,2026-01-08,0.595143220338983,86.42372881355932,118
Economy,2026-01-09,0.6015135135135136,92.91891891891892,111
Economy,2026-01-10,0.5982909909909909,84.14414414414415,111
Economy,2026-01-11,0.6355369158878504,86.50467289719626,107
Economy,2026-01-12,0.6188999999999999,91.03508771929825,114
Economy,2026-01-13,0.6351854961832061,95.19847328244275,131
Economy,2026-01-14,0.596031690140845,91.09859154929578,142
Economy,2026-01-15,0.5885093333333333,91.66,150
Economy,2026-01-16,0.5642632450331125,90.06622516556291,151
Economy,2026-01-17,0.570216304347826,88.65942028985508,138
Economy,2026-01-18,0.6045372950819673,88.10655737704919,122
Economy,2026-01-19,0.6207166666666667,83.41880341880342,117
Economy,2026-01-20,0.6262428030303031,92.71212121212122,132
Economy,2026-01-21,0.5941557692307692,84.76923076923077,156
Economy,2026-01-22,0.6375173611111111,97.86111111111111,144
Economy,2026-01-23,0.6162701863354038,88.24223602484471,161
Economy,2026-01-24,0.6309598540145985,94.0948905109489,137
Economy,2026-01-25,0.6185149606299213,94.92125984251969,127
Economy,2026-01-26,0.6194645454545454,93.05454545454545,110
Economy,2026-01-27,0.6408484615384615,89.32307692307693,130
Economy,2026-01-28,0.6453860655737704,90.58196721311475,122
Economy,2026-01-29,0.6496828244274809,91.06870229007633,131
Economy,2026-01-30,0.6202427419354839,92.38709677419355,124
Economy,2026-01-31,0.6328358870967742,83.01612903225806,124
Economy,2026-02-01,0.6179963636363637,93.6,110
Economy,2026-02-02,0.5958163793103448,85.83620689655173,116
Economy,2026-02-03,0.6002829268292683,94.2520325203252,123
Economy,2026-02-04,0.6113766393442622,100.55737704918033,122
Economy,2026-02-05,0.6027622222222222,98.34814814814816,135
Economy,2026-02-06,0.591943893129771,97.6030534351145,131
Economy,2026-02-07,0.6359724264705883,98.0,136
Economy,2026-02-08,0.6246711538461539,96.88461538461539,130
Economy,2026-02-09,0.6261947999999999,96.576,125
Economy,2026-02-10,0.6513796296296296,95.64444444444445,135
Economy,2026-02-11,0.6258092857142857,96.71428571428571,140
Economy,2026-02-12,0.61068,89.63333333333334,150
Economy,2026-02-13,0.6221891304347826,97.47826086956522,138
Economy,2026-02-14,0.6094511538461539,95.25384615384615,130
Economy,2026-02-15,0.6457625,96.125,128
Economy,2026-02-16,0.6432568702290076,92.3969465648855,131
Economy,2026-02-17,0.6462277777777777,97.32638888888889,144
Economy,2026-02-18,0.6752409420289855,94.91304347826087,138
Economy,2026-02-20,0.6663403703703704,87.64444444444445,135
Economy,2026-02-21,0.6375202586206896,85.84482758620689,116
Economy,2026-02-22,0.6347118421052632,98.4298245614035,114
Economy,2026-02-23,0.6560478260869564,92.72173913043478,115
Economy,2026-02-24,0.6598608208955224,95.7910447761194,134
Economy,2026-02-25,0.6816288888888888,96.32592592592593,135
Nutrition,2024-09-02,0.697015306122449,88.26530612244898,49
Nutrition,2024-09-03,0.7554908163265306,84.6938775510204,49
Nutrition,2024-09-04,0.7452866071428571,99.66071428571429,56
Nutrition,2024-09-05,0.7884255319148935,109.36170212765957,47
Nutrition,2024-09-06,0.7751916666666666,91.68518518518519,54
Nutrition,2024-09-07,0.7908450980392158,94.17647058823529,51
Nutrition,2024-09-08,0.7551175925925926,92.12962962962963,54
Nutrition,2024-09-09,0.7498351851851852,92.98148148148148,54
Nutrition,2024-09-10,0.7531059322033898,89.2542372881356,59
Nutrition,2024-09-11,0.7530146551724137,87.43103448275862,58
Nutrition,2024-09-12,0.7437549180327869,97.19672131147541,61
Nutrition,2024-09-13,0.7233944444444445,94.91666666666667,72
Nutrition,2024-09-14,0.6333962962962962,79.87654320987654,81
Nutrition,2024-09-15,0.6123556338028169,91.70422535211267,71
Nutrition,2024-09-16,0.6342928571428571,84.67532467532467,77
Nutrition,2024-09-17,0.667661111111111,82.18055555555556,72
Nutrition,2024-09-18,0.7239992537313433,85.14925373134328,67
Nutrition,2024-09-19,0.7425022727272728,89.86363636363636,66
Nutrition,2024-09-20,0.6525958333333333,87.36666666666666,60
Nutrition,2024-09-21,0.6698241935483871,93.20967741935483,62
Nutrition,2024-09-23,0.67981484375,86.921875,64
Nutrition,2024-09-24,0.7102258333333332,86.83333333333333,60
Nutrition,2024-09-25,0.7250558823529412,94.90196078431373,51
Nutrition,2024-09-26,0.7320056603773585,106.52830188679245,53
Nutrition,2024-09-27,0.697657,101.7,50
Nutrition,2024-09-28,0.711686440677966,90.7457627118644,59
Nutrition,2024-09-29,0.7088675,94.11666666666666,60
Nutrition,2024-09-30,0.70630625,93.640625,64
Nutrition,2024-10-01,0.6896584745762712,92.49152542372882,59
Nutrition,2024-10-02,0.6696581818181818,99.21818181818182,55
Nutrition,2024-10-03,0.716875,101.91935483870968,62
Nutrition,2024-10-04,0.72980703125,95.796875,64
Nutrition,2024-10-05,0.7021152173913043,84.55072463768116,69
Nutrition,2024-10-06,0.71386640625,89.515625,64
Nutrition,2024-10-07,0.7082999999999999,92.77049180327869,61
Nutrition,2024-10-08,0.657880172413793,89.41379310344827,58
Nutrition,2024-10-09,0.6190870967741936,90.96774193548387,62
Nutrition,2024-10-10,0.6654166666666667,82.73913043478261,69
Nutrition,2024-10-11,0.6229398550724637,86.82608695652173,69
Nutrition,2024-10-12,0.6840507936507936,93.92063492063492,63
Nutrition,2024-10-13,0.6573266129032258,86.14516129032258,62
Nutrition,2024-10-14,0.6772855932203389,89.83050847457628,59
Nutrition,2024-10-15,0.7064224137931034,86.51724137931035,58
Nutrition,2024-10-16,0.6367925,90.1,60
Nutrition,2024-10-17,0.62223046875,93.328125,64
Nutrition,2024-10-18,0.5906325757575758,95.96969696969697,66
Nutrition,2024-10-19,0.5792485714285713,93.0,70
Nutrition,2024-10-20,0.5915108333333333,99.0,60
Nutrition,2024-10-21,0.6541227272727272,95.56060606060606,66
Nutrition,2024-10-22,0.6480286764705883,100.75,68
Nutrition,2024-10-23,0.645961038961039,88.67532467532467,77
Nutrition,2024-10-24,0.646714935064935,91.8961038961039,77
Nutrition,2024-10-25,0.626449375,98.6125,80
Nutrition,2025-10-11,0.662909375,96.328125,64
Nutrition,2025-10-12,0.6774291666666667,90.59722222222223,72
Nutrition,2025-10-13,0.6335913043478261,96.28985507246377,69
Nutrition,2025-10-14,0.6551420289855072,104.1159420289855,69
Nutrition,2025-10-15,0.6262234848484849,97.45454545454545,66
Nutrition,2025-10-16,0.6085885714285714,101.22857142857143,70
Nutrition,2025-10-17,0.6022078571428572,100.62857142857143,70
Nutrition,2025-10-18,0.6182058823529412,91.92647058823529,68
Nutrition,2025-10-19,0.65035859375,92.078125,64
Nutrition,2025-10-20,0.649828125,102.015625,64
Nutrition,2025-10-21,0.6463704225352113,94.74647887323944,71
Nutrition,2025-10-22,0.6825388888888889,98.625,72
Nutrition,2025-10-23,0.6899904109589041,92.26027397260275,73
Nutrition,2025-10-24,0.6716037313432835,90.67164179104478,67
Nutrition,2025-10-25,0.64060078125,91.6875,64
Nutrition,2025-10-26,0.6891411764705883,94.07352941176471,68
Nutrition,2025-10-27,0.6631546666666667,91.69333333333333,75
Nutrition,2025-10-28,0.7135589285714286,94.16071428571429,56
Nutrition,2025-10-29,0.7752514925373135,96.26865671641791,67
Nutrition,2025-10-30,0.7409301369863014,91.71232876712328,73
Nutrition,2025-10-31,0.6980432432432433,83.17567567567568,74
Nutrition,2025-11-01,0.7369111940298507,85.38805970149254,67
Nutrition,2025-11-02,0.7597037313432835,90.70149253731343,67
Nutrition,2025-11-03,0.7236603174603174,99.33333333333333,63
Nutrition,2025-11-04,0.7003586956521739,103.2463768115942,69
Nutrition,2025-11-05,0.7099821428571428,92.35714285714286,70
Nutrition,2025-11-06,0.7187130434782609,96.44927536231884,69
Nutrition,2025-11-07,0.7570711538461539,88.97435897435898,78
Nutrition,2025-11-08,0.7112564935064936,84.01298701298701,77
Nutrition,2025-11-09,0.7473823943661971,88.77464788732394,71
Nutrition,2025-11-10,0.7269022058823529,88.41176470588235,68
Nutrition,2025-11-11,0.7407814285714286,88.04285714285714,70
Nutrition,2025-11-12,0.6914871621621621,91.75675675675676,74
Nutrition,2025-11-13,0.6555239130434782,98.73913043478261,69
Nutrition,2025-11-14,0.6362123188405796,89.81159420289855,69
Nutrition,2025-11-15,0.6564253846153847,99.53846153846153,65
Nutrition,2025-11-17,0.6356880952380952,97.11111111111111,63
Nutrition,2025-11-18,0.6634274193548387,99.5,62
Nutrition,2025-11-19,0.6681325757575758,93.9090909090909,66
Nutrition,2025-11-20,0.6761619718309859,95.91549295774648,71
Nutrition,2025-11-21,0.7314767123287671,94.20547945205479,73
Nutrition,2025-11-22,0.7277261538461538,99.81538461538462,65
Nutrition,2025-11-23,0.7143705882352941,93.66176470588235,68
Nutrition,2025-11-24,0.6952140845070423,95.46478873239437,71
Nutrition,2025-11-25,0.6410086956521739,92.6376811594203,69
Nutrition,2025-11-26,0.6781383116883117,87.37662337662337,77
Nutrition,2025-11-28,0.6280671875,102.890625,64
Nutrition,2025-11-29,0.6312898648648648,91.9054054054054,74
Nutrition,2025-11-30,0.6232575342465753,93.26027397260275,73
Nutrition,2025-12-01,0.6180671052631579,96.59210526315789,76
Nutrition,2025-12-02,0.6087993670886076,102.50632911392405,79
Nutrition,2025-12-03,0.6508273809523809,97.13095238095238,84
Nutrition,2025-12-04,0.6576351351351352,94.3108108108108,74
Nutrition,2025-12-05,0.6681471428571428,94.85714285714286,70
Nutrition,2025-12-06,0.6529833333333332,95.38095238095238,63
Nutrition,2025-12-07,0.6954923728813559,101.35593220338983,59
Nutrition,2025-12-08,0.6671058333333334,92.35,60
Nutrition,2025-12-09,0.6573,90.65,60
Nutrition,2025-12-10,0.6846753731343284,93.74626865671642,67
Nutrition,2025-12-11,0.6864093220338984,90.7457627118644,59
Nutrition,2025-12-12,0.7477625,86.828125,64
Nutrition,2025-12-13,0.7429386363636363,90.89393939393939,66
Nutrition,2025-12-14,0.7606132812499999,100.25,64
Nutrition,2025-12-15,0.7116449275362319,95.26086956521739,69
Nutrition,2025-12-16,0.7109126984126984,98.7936507936508,63
Nutrition,2025-12-17,0.7117671641791045,89.28358208955224,67
Nutrition,2025-12-18,0.69646484375,90.4375,64
Nutrition,2025-12-19,0.69173984375,100.890625,64
Nutrition,2025-12-20,0.6733465277777778,85.375,72
Nutrition,2025-12-21,0.6401301369863014,89.72602739726027,73
Nutrition,2025-12-22,0.688534375,94.46875,64
Nutrition,2025-12-24,0.6571443548387097,85.88709677419355,62
Nutrition,2025-12-25,0.6672938596491228,82.80701754385964,57
Nutrition,2025-12-26,0.667579347826087,100.82608695652173,46
Nutrition,2025-12-27,0.7019647058823528,99.03921568627452,51
Nutrition,2025-12-28,0.6791809523809524,90.57142857142857,63
Nutrition,2025-12-29,0.6890284615384615,89.55384615384615,65
Nutrition,2025-12-30,0.6750797101449275,88.3768115942029,69
Nutrition,2025-12-31,0.6963734375,83.09375,64
Nutrition,2026-01-01,0.6495325757575757,94.24242424242425,66
Nutrition,2026-01-02,0.6951206896551724,87.12068965517241,58
Nutrition,2026-01-03,0.7072694444444444,93.0,54
Nutrition,2026-01-04,0.7490310606060606,79.04545454545455,66
Nutrition,2026-01-05,0.7259616071428571,88.75,56
Nutrition,2026-01-06,0.7595415384615384,80.56923076923077,65
Nutrition,2026-01-07,0.7658065573770492,93.68852459016394,61
Nutrition,2026-01-08,0.7502370689655172,92.24137931034483,58
Nutrition,2026-01-09,0.6540768115942028,96.02898550724638,69
Nutrition,2026-01-10,0.6950229166666666,98.02777777777777,72
Nutrition,2026-01-11,0.6971584507042253,102.91549295774648,71
Nutrition,2026-01-12,0.7065610294117647,104.66176470588235,68
Nutrition,2026-01-13,0.6781282608695652,98.92753623188406,69
Nutrition,2026-01-14,0.656127397260274,98.46575342465754,73
Nutrition,2026-01-15,0.6914084507042253,93.1830985915493,71
Nutrition,2026-01-16,0.684375,98.65277777777777,72
Nutrition,2026-01-17,0.7399547945205479,100.13698630136986,73
Nutrition,2026-01-18,0.7605390410958903,97.65753424657534,73
Nutrition,2026-01-19,0.7535917910447761,98.91044776119404,67
Nutrition,2026-01-20,0.7104657142857143,100.38571428571429,70
Nutrition,2026-01-21,0.7222512658227849,100.89873417721519,79
Nutrition,2026-01-22,0.7919756756756757,101.16216216216216,74
Nutrition,2026-01-23,0.7791084507042253,104.14084507042253,71
Nutrition,2026-01-24,0.7626578947368421,93.97368421052632,76
Nutrition,2026-01-25,0.740196052631579,92.61842105263158,76
Nutrition,2026-01-26,0.7343257352941177,103.58823529411765,68
Nutrition,2026-01-27,0.7070649253731344,96.80597014925372,67
Nutrition,2026-01-28,0.7046158536585366,96.79268292682927,82
Nutrition,2026-01-29,0.6613841463414634,97.32926829268293,82
Nutrition,2026-01-30,0.6599709459459459,91.32432432432432,74
Nutrition,2026-01-31,0.677325,98.39393939393939,66
Nutrition,2026-02-01,0.6729835714285713,90.24285714285715,70
Nutrition,2026-02-02,0.6660239436619718,92.43661971830986,71
Nutrition,2026-02-03,0.6597048387096774,105.87096774193549,62
Nutrition,2026-02-04,0.6644792857142857,107.14285714285714,70
Nutrition,2026-02-05,0.6701934210526316,101.98684210526316,76
Nutrition,2026-02-06,0.6957513888888889,98.625,72
Nutrition,2026-02-07,0.6713107594936709,98.63291139240506,79
Nutrition,2026-02-08,0.6284856164383561,96.08219178082192,73
Nutrition,2026-02-09,0.6774126865671641,110.50746268656717,67
Nutrition,2026-02-10,0.6495913043478261,102.8840579710145,69
Nutrition,2026-02-11,0.6345802631578947,101.96052631578948,76
Nutrition,2026-02-12,0.6548407142857143,100.82857142857142,70
Nutrition,2026-02-13,0.6685544117647059,101.75,68
Nutrition,2026-02-14,0.6396731884057971,96.44927536231884,69
Nutrition,2026-02-15,0.6394823529411765,99.26470588235294,68
Nutrition,2026-02-16,0.6461140845070422,102.67605633802818,71
Nutrition,2026-02-17,0.5963646666666667,103.82666666666667,75
Nutrition,2026-02-18,0.59485,112.44594594594595,74
Nutrition,2026-02-20,0.6150570512820512,90.3974358974359,78
Nutrition,2026-02-21,0.6496401408450704,94.74647887323944,71
Nutrition,2026-02-22,0.6682188311688312,85.67532467532467,77
Nutrition,2026-02-23,0.6226868421052631,87.89473684210526,76
Nutrition,2026-02-24,0.6635181818181818,93.60606060606061,66
Nutrition,2026-02-25,0.6490971014492753,101.3623188405797,69
Startup,2024-09-02,0.7110910256410257,92.92307692307692,39
Startup,2024-09-03,0.6967226190476191,81.16666666666667,42
Startup,2024-09-04,0.643103,75.2,50
Startup,2024-09-05,0.6088989361702127,81.82978723404256,47
Startup,2024-09-06,0.6401901960784314,61.13725490196079,51
Startup,2024-09-07,0.695657,74.78,50
Startup,2024-09-08,0.6460977272727273,79.81818181818181,44
Startup,2024-09-09,0.64035,85.33333333333333,39
Startup,2024-09-10,0.688455,86.06,50
Startup,2024-09-11,0.6770066666666666,83.44444444444444,45
Startup,2024-09-12,0.6591432692307693,83.28846153846153,52
Startup,2024-09-13,0.6558527272727273,79.16363636363636,55
Startup,2024-09-14,0.6965819148936171,95.61702127659575,47
Startup,2024-09-15,0.662828125,85.875,48
Startup,2024-09-16,0.689896511627907,95.37209302325581,43
Startup,2024-09-17,0.7712177777777778,95.62222222222222,45
Startup,2024-09-18,0.7589616071428571,81.01785714285714,56
Startup,2024-09-19,0.6901088235294117,87.33333333333333,51
Startup,2024-09-20,0.7820952380952381,82.14285714285714,42
Startup,2024-09-21,0.6679525,86.1,40
Startup,2024-09-23,0.7045100000000001,77.44444444444444,45
Startup,2024-09-24,0.6821346153846153,89.92307692307692,52
Startup,2024-09-25,0.6412972222222222,83.07407407407408,54
Startup,2024-09-26,0.6204063636363636,87.76363636363637,55
Startup,2024-09-27,0.6450781250000001,94.47916666666667,48
Startup,2024-09-28,0.599406862745098,90.23529411764706,51
Startup,2024-09-29,0.6504357142857142,94.59183673469387,49
Startup,2024-09-30,0.6375470588235294,94.54901960784314,51
Startup,2024-10-01,0.6544249999999999,95.3076923076923,52
Startup,2024-10-02,0.6734763157894738,89.21052631578948,57
Startup,2024-10-03,0.6880584905660377,92.0377358490566,53
Startup,2024-10-04,0.6896344827586207,86.08620689655173,58
Startup,2024-10-05,0.6515712962962963,93.31481481481481,54
Startup,2024-10-06,0.665039,97.64,50
Startup,2024-10-07,0.6898771739130435,101.34782608695652,46
Startup,2024-10-08,0.7313298245614035,96.42105263157895,57
Startup,2024-10-09,0.64991,93.11666666666666,60
Startup,2024-10-10,0.6260525,93.7,60
Startup,2024-10-11,0.6386392857142856,86.375,56
Startup,2024-10-12,0.6946254716981133,85.37735849056604,53
Startup,2024-10-13,0.7151208333333333,92.91666666666667,48
Startup,2024-10-14,0.7144068181818182,103.3409090909091,44
Startup,2024-10-15,0.7211979591836736,85.04081632653062,49
Startup,2024-10-16,0.6285219999999999,88.92,50
Startup,2024-10-17,0.6447849999999999,86.4,50
Startup,2024-10-18,0.6285945652173913,76.04347826086956,46
Startup,2024-10-19,0.65001,89.8,40
Startup,2024-10-20,0.644205,96.25,40
Startup,2024-10-21,0.659732894736842,92.13157894736842,38
Startup,2024-10-22,0.663753488372093,97.25581395348837,43
Startup,2024-10-23,0.6583489795918367,108.42857142857143,49
Startup,2024-10-24,0.64889,95.73333333333333,60
Startup,2024-10-25,0.6249196428571429,101.64285714285714,56
Startup,2025-10-11,0.6822614754098361,78.9672131147541,61
Startup,2025-10-12,0.6949675000000001,80.63333333333334,60
Startup,2025-10-13,0.7461614035087719,81.80701754385964,57
Startup,2025-10-14,0.7600245454545455,87.38181818181818,55
Startup,2025-10-15,0.7624560344827587,90.96551724137932,58
Startup,2025-10-16,0.704735,77.4,60
Startup,2025-10-17,0.6928675,83.08333333333333,60
Startup,2025-10-18,0.7253780000000001,102.08,50
Startup,2025-10-19,0.6787638888888888,95.16666666666667,54
Startup,2025-10-20,0.6580291666666667,90.96666666666667,60
Startup,2025-10-21,0.6629319672131148,92.47540983606558,61
Startup,2025-10-22,0.6597696721311476,85.57377049180327,61
Startup,2025-10-23,0.7382712962962963,78.44444444444444,54
Startup,2025-10-24,0.6863482142857142,89.73214285714286,56
Startup,2025-10-25,0.6181166666666666,97.33333333333333,57
Startup,2025-10-26,0.5996451923076923,90.42307692307692,52
Startup,2025-10-27,0.6022244897959184,86.79591836734694,49
Startup,2025-10-28,0.5970443396226415,82.69811320754717,53
Startup,2025-10-29,0.6427647540983606,79.68852459016394,61
Startup,2025-10-30,0.6637887931034483,82.96551724137932,58
Startup,2025-10-31,0.7055169811320755,80.62264150943396,53
Startup,2025-11-01,0.6947913043478261,92.15217391304348,46
Startup,2025-11-02,0.6759021276595745,100.72340425531915,47
Startup,2025-11-03,0.6826732558139534,106.04651162790698,43
Startup,2025-11-04,0.6570635416666667,80.83333333333333,48
Startup,2025-11-05,0.6479127659574467,86.63829787234043,47
Startup,2025-11-06,0.6751699999999999,82.16,50
Startup,2025-11-07,0.716088679245283,86.13207547169812,53
Startup,2025-11-08,0.703394,82.64,50
Startup,2025-11-09,0.7329585365853659,86.95121951219512,41
Startup,2025-11-10,0.7346536585365854,85.48780487804878,41
Startup,2025-11-11,0.7080647727272728,103.18181818181819,44
Startup,2025-11-12,0.7137275862068966,96.98275862068965,58
Startup,2025-11-13,0.7157043478260869,94.42028985507247,69
Startup,2025-11-14,0.7118101694915254,104.0677966101695,59
Startup,2025-11-15,0.7066483333333333,92.66666666666667,60
Startup,2025-11-17,0.7049806451612902,96.80645161290323,62
Startup,2025-11-18,0.6185881355932202,93.05084745762711,59
Startup,2025-11-19,0.6149009090909091,93.89090909090909,55
Startup,2025-11-20,0.6469471153846154,94.09615384615384,52
Startup,2025-11-21,0.7364225490196078,92.74509803921569,51
Startup,2025-11-22,0.6653518518518519,104.05555555555556,54
Startup,2025-11-23,0.651821568627451,96.84313725490196,51
Startup,2025-11-24,0.6401734693877551,103.3265306122449,49
Startup,2025-11-25,0.6218714285714285,94.53061224489795,49
Startup,2025-11-26,0.6751581395348837,95.97674418604652,43
Startup,2025-11-28,0.6574266666666666,85.36666666666666,60
Startup,2025-11-29,0.6687048076923077,88.0,52
Startup,2025-11-30,0.6980285714285714,87.14285714285714,49
Startup,2025-12-01,0.64955,99.18367346938776,49
Startup,2025-12-02,0.685603125,95.0,48
Startup,2025-12-03,0.6972971153846154,100.46153846153847,52
Startup,2025-12-04,0.6710342105263158,93.42105263157895,57
Startup,2025-12-05,0.6625941666666667,82.63333333333334,60
Startup,2025-12-06,0.6795063829787233,79.42553191489361,47
Startup,2025-12-07,0.6885476744186046,91.06976744186046,43
Startup,2025-12-08,0.6882963414634147,103.1219512195122,41
Startup,2025-12-09,0.6799240384615384,98.71153846153847,52
Startup,2025-12-10,0.5752193181818182,102.3409090909091,44
Startup,2025-12-11,0.5930329545454546,91.11363636363636,44
Startup,2025-12-12,0.6630988372093023,104.53488372093024,43
Startup,2025-12-13,0.6769033333333334,95.95555555555555,45
Startup,2025-12-14,0.6626204081632654,99.14285714285714,49
Startup,2025-12-15,0.6415122222222223,97.88888888888889,45
Startup,2025-12-16,0.6359216981132076,88.09433962264151,53
Startup,2025-12-17,0.6158096153846154,97.8076923076923,52
Startup,2025-12-18,0.6686446428571429,103.26785714285714,56
Startup,2025-12-19,0.703246551724138,97.6896551724138,58
Startup,2025-12-20,0.6762666666666667,95.74509803921569,51
Startup,2025-12-21,0.680446875,101.70833333333333,48
Startup,2025-12-22,0.6831463414634147,114.73170731707317,41
Startup,2025-12-24,0.6276336538461538,108.5576923076923,52
Startup,2025-12-25,0.5607030612244898,94.57142857142857,49
Startup,2025-12-26,0.6060927083333333,90.04166666666667,48
Startup,2025-12-27,0.5693913043478261,99.71739130434783,46
Startup,2025-12-28,0.6001020833333334,94.72916666666667,48
Startup,2025-12-29,0.5996671052631579,117.89473684210526,38
Startup,2025-12-30,0.614919512195122,108.07317073170732,41
Startup,2025-12-31,0.58781375,106.675,40
Startup,2026-01-01,0.5839652173913044,104.30434782608695,46
Startup,2026-01-02,0.5948642857142857,95.04081632653062,49
Startup,2026-01-03,0.6386813953488372,98.11627906976744,43
Startup,2026-01-04,0.6872690476190476,104.54761904761905,42
Startup,2026-01-05,0.6978682926829268,99.14634146341463,41
Startup,2026-01-06,0.6904284090909091,89.06818181818181,44
Startup,2026-01-07,0.6414543478260869,100.3913043478261,46
Startup,2026-01-08,0.6749766666666667,96.17777777777778,45
Startup,2026-01-09,0.648984693877551,107.44897959183673,49
Startup,2026-01-10,0.6183585106382979,105.68085106382979,47
Startup,2026-01-11,0.6508867346938776,99.89795918367346,49
Startup,2026-01-12,0.622885,97.06,50
Startup,2026-01-13,0.6347736363636364,98.21818181818182,55
Startup,2026-01-14,0.6880132075471698,96.69811320754717,53
Startup,2026-01-15,0.6752909836065574,92.52459016393442,61
Startup,2026-01-16,0.7218918181818182,98.25454545454545,55
Startup,2026-01-17,0.7105678571428572,101.05357142857143,56
Startup,2026-01-18,0.684202,104.72,50
Startup,2026-01-19,0.7521269230769231,102.82692307692308,52
Startup,2026-01-20,0.7082641666666666,96.8,60
Startup,2026-01-21,0.682582456140351,98.01754385964912,57
Startup,2026-01-22,0.702606896551724,94.1896551724138,58
Startup,2026-01-23,0.6632868421052631,99.59649122807018,57
Startup,2026-01-24,0.5862258620689655,92.24137931034483,58
Startup,2026-01-25,0.5931584745762711,94.96610169491525,59
Startup,2026-01-26,0.6346271929824561,100.3859649122807,57
Startup,2026-01-27,0.6365594202898551,91.8840579710145,69
Startup,2026-01-28,0.664430303030303,98.36363636363636,66
Startup,2026-01-29,0.6421043478260869,99.46376811594203,69
Startup,2026-01-30,0.6728473684210526,85.73684210526316,76
Startup,2026-01-31,0.648825,93.41025641025641,78
Startup,2026-02-01,0.6170846153846153,92.41025641025641,78
Startup,2026-02-02,0.6281457746478872,93.94366197183099,71
Startup,2026-02-03,0.5824014705882352,101.36764705882354,68
Startup,2026-02-04,0.6172558823529412,97.42647058823529,68
Startup,2026-02-05,0.6098152173913043,95.20289855072464,69
Startup,2026-02-06,0.6465544871794872,90.2948717948718,78
Startup,2026-02-07,0.6739239436619718,90.74647887323944,71
Startup,2026-02-08,0.610625,91.05128205128206,78
Startup,2026-02-09,0.6273368055555556,85.70833333333333,72
Startup,2026-02-10,0.6184062499999999,85.265625,64
Startup,2026-02-11,0.6399385135135135,88.20270270270271,74
Startup,2026-02-12,0.5880535714285714,80.62857142857143,70
Startup,2026-02-13,0.6271606060606061,93.07575757575758,66
Startup,2026-02-14,0.60708046875,91.65625,64
Startup,2026-02-15,0.5897620689655173,94.72413793103448,58
Startup,2026-02-16,0.6089532258064516,91.01612903225806,62
Startup,2026-02-17,0.6397059701492538,88.01492537313433,67
Startup,2026-02-18,0.6714275,100.0,60
Startup,2026-02-20,0.6645443396226415,96.66037735849056,53
Startup,2026-02-21,0.605835,90.2,60
Startup,2026-02-22,0.5918592592592593,90.61111111111111,54
Startup,2026-02-23,0.6100287037037037,103.42592592592592,54
Startup,2026-02-24,0.6009258064516129,102.90322580645162,62
Startup,2026-02-25,0.5902083333333333,85.08333333333333,72
